{"cameraMode":{"drawMode":0,"name":"Shaded","section":"Shading Mode"},"sceneLighting":false,"audioPlay":false,"sceneViewState":{"showFog":true,"showMaterialUpdate":false,"showSkybox":true,"showFlares":true,"showImageEffects":true,"showParticleSystems":true},"in2DMode":false,"pivot":{"x":-1.918654203414917,"y":-2.9177889823913576,"z":-1.268406867980957},"rotation":{"x":-0.019278647378087045,"y":0.8892228603363037,"z":-0.4555158317089081,"w":-0.03763563930988312},"size":12.541426658630371,"orthographic":true}